<?xml version="1.0" encoding="UTF-8"?>
<project-private xmlns="http://www.netbeans.org/ns/project-private/1">
    <editor-bookmarks xmlns="http://www.netbeans.org/ns/editor-bookmarks/2" lastBookmarkId="0"/>
    <open-files xmlns="http://www.netbeans.org/ns/projectui-open-files/2">
        <group>
            <file>file:/H:/EXAM/Project/Demo/Cloth-Donation-System-main/ProjectCode/src/cloth/Database.java</file>
            <file>file:/H:/EXAM/Project/Demo/Cloth-Donation-System-main/ProjectCode/src/cloth/DatabaseProcess.java</file>
            <file>file:/H:/EXAM/Project/Demo/Cloth-Donation-System-main/ProjectCode/src/cloth/ActiveRoutes.java</file>
        </group>
    </open-files>
</project-private>
